{"cameraMode":{"drawMode":0,"name":"Shaded","section":"Shading Mode"},"sceneLighting":false,"audioPlay":false,"sceneViewState":{"showFog":true,"showMaterialUpdate":false,"showSkybox":false,"showFlares":true,"showImageEffects":true,"showParticleSystems":true},"in2DMode":false,"pivot":{"x":-5.210000038146973,"y":3.6716718673706056,"z":16.12479019165039},"rotation":{"x":0.11742328852415085,"y":0.1153220683336258,"z":-0.013728700578212738,"w":0.9862713813781738},"size":22.880672454833986,"orthographic":false}