{"cameraMode":{"drawMode":0,"name":"Shaded","section":"Shading Mode"},"sceneLighting":false,"audioPlay":false,"sceneViewState":{"showFog":true,"showMaterialUpdate":false,"showSkybox":false,"showFlares":true,"showImageEffects":true,"showParticleSystems":true},"in2DMode":false,"pivot":{"x":-0.04015308618545532,"y":0.45789775252342226,"z":25.0},"rotation":{"x":-0.15712672472000123,"y":0.01863187924027443,"z":-0.0029681632295250894,"w":-0.9874523282051086},"size":3.3875656127929689,"orthographic":false}