{"cameraMode":{"drawMode":0,"name":"Shaded","section":"Shading Mode"},"sceneLighting":false,"audioPlay":false,"sceneViewState":{"showFog":true,"showMaterialUpdate":false,"showSkybox":false,"showFlares":true,"showImageEffects":true,"showParticleSystems":true},"in2DMode":false,"pivot":{"x":6.880000114440918,"y":7.484489917755127,"z":12.76844310760498},"rotation":{"x":0.19711683690547944,"y":-0.24270309507846833,"z":0.05043715611100197,"w":0.9485236406326294},"size":1.172444224357605,"orthographic":false}