{"cameraMode":{"drawMode":0,"name":"Shaded","section":"Shading Mode"},"sceneLighting":false,"audioPlay":false,"sceneViewState":{"showFog":true,"showMaterialUpdate":false,"showSkybox":false,"showFlares":true,"showImageEffects":true,"showParticleSystems":true},"in2DMode":false,"pivot":{"x":1.529796838760376,"y":1.005718469619751,"z":3.640000104904175},"rotation":{"x":-0.12136220186948776,"y":-0.04825613647699356,"z":0.005907275713980198,"w":-0.9914698600769043},"size":2.391791820526123,"orthographic":false}