{"cameraMode":{"drawMode":0,"name":"Shaded","section":"Shading Mode"},"sceneLighting":false,"audioPlay":false,"sceneViewState":{"showFog":true,"showMaterialUpdate":false,"showSkybox":false,"showFlares":true,"showImageEffects":true,"showParticleSystems":true},"in2DMode":false,"pivot":{"x":-4.267366886138916,"y":0.6207754611968994,"z":8.439995765686036},"rotation":{"x":0.11742328852415085,"y":0.1153220683336258,"z":-0.013728700578212738,"w":0.9862713813781738},"size":13.370519638061524,"orthographic":false}