{"cameraMode":{"drawMode":0,"name":"Shaded","section":"Shading Mode"},"sceneLighting":false,"audioPlay":false,"sceneViewState":{"showFog":true,"showMaterialUpdate":false,"showSkybox":false,"showFlares":true,"showImageEffects":true,"showParticleSystems":true},"in2DMode":false,"pivot":{"x":-2.384185791015625e-7,"y":1.142281413078308,"z":-0.1389775276184082},"rotation":{"x":0.005705792922526598,"y":0.9942088723182678,"z":-0.08220883458852768,"w":0.06900568306446076},"size":5.762784957885742,"orthographic":false}