{"cameraMode":{"drawMode":0,"name":"Shaded","section":"Shading Mode"},"sceneLighting":false,"audioPlay":false,"sceneViewState":{"showFog":true,"showMaterialUpdate":false,"showSkybox":false,"showFlares":true,"showImageEffects":true,"showParticleSystems":true},"in2DMode":false,"pivot":{"x":-4.599997043609619,"y":3.2280020713806154,"z":42.37221145629883},"rotation":{"x":0.11742328852415085,"y":0.1153220683336258,"z":-0.013728700578212738,"w":0.9862713813781738},"size":19.94434928894043,"orthographic":false}