{"cameraMode":{"drawMode":0,"name":"Shaded","section":"Shading Mode"},"sceneLighting":false,"audioPlay":false,"sceneViewState":{"showFog":true,"showMaterialUpdate":false,"showSkybox":false,"showFlares":true,"showImageEffects":true,"showParticleSystems":true},"in2DMode":false,"pivot":{"x":0.0,"y":1.2072257995605469,"z":-0.04204636812210083},"rotation":{"x":0.005705792922526598,"y":0.9942088723182678,"z":-0.08220883458852768,"w":0.06900568306446076},"size":6.114298343658447,"orthographic":false}