{"cameraMode":{"drawMode":0,"name":"Shaded","section":"Shading Mode"},"sceneLighting":false,"audioPlay":false,"sceneViewState":{"showFog":true,"showMaterialUpdate":false,"showSkybox":false,"showFlares":true,"showImageEffects":true,"showParticleSystems":true},"in2DMode":false,"pivot":{"x":0.0,"y":0.9754656553268433,"z":-0.025111913681030275},"rotation":{"x":0.005705792922526598,"y":0.9942088723182678,"z":-0.08220883458852768,"w":0.06900568306446076},"size":5.20643949508667,"orthographic":false}