{"cameraMode":{"drawMode":0,"name":"Shaded","section":"Shading Mode"},"sceneLighting":false,"audioPlay":false,"sceneViewState":{"showFog":true,"showMaterialUpdate":false,"showSkybox":false,"showFlares":true,"showImageEffects":true,"showParticleSystems":true},"in2DMode":false,"pivot":{"x":0.41200000047683718,"y":0.45789775252342226,"z":12.986091613769532},"rotation":{"x":-0.14377346634864808,"y":0.02163862995803356,"z":-0.0031476167496293785,"w":-0.9894230961799622},"size":2.2739851474761965,"orthographic":false}