{"cameraMode":{"drawMode":0,"name":"Shaded","section":"Shading Mode"},"sceneLighting":false,"audioPlay":false,"sceneViewState":{"showFog":true,"showMaterialUpdate":false,"showSkybox":false,"showFlares":true,"showImageEffects":true,"showParticleSystems":true},"in2DMode":false,"pivot":{"x":-0.001289069652557373,"y":0.43914154171943667,"z":-0.010445624589920044},"rotation":{"x":-0.048626307398080829,"y":-0.5898247957229614,"z":0.03560350462794304,"w":-0.8053451776504517},"size":1.2646598815917969,"orthographic":false}