{"cameraMode":{"drawMode":0,"name":"Shaded","section":"Shading Mode"},"sceneLighting":false,"audioPlay":false,"sceneViewState":{"showFog":true,"showMaterialUpdate":false,"showSkybox":false,"showFlares":true,"showImageEffects":true,"showParticleSystems":true},"in2DMode":false,"pivot":{"x":-4.5,"y":1.0309746265411378,"z":35.310001373291019},"rotation":{"x":0.11742328852415085,"y":0.1153220683336258,"z":-0.013728700578212738,"w":0.9862713813781738},"size":18.395315170288087,"orthographic":false}