{"cameraMode":{"drawMode":0,"name":"Shaded","section":"Shading Mode"},"sceneLighting":false,"audioPlay":false,"sceneViewState":{"showFog":true,"showMaterialUpdate":false,"showSkybox":false,"showFlares":true,"showImageEffects":true,"showParticleSystems":true},"in2DMode":false,"pivot":{"x":-0.40171781182289126,"y":0.49575984477996828,"z":1.2699999809265137},"rotation":{"x":0.13049837946891786,"y":0.3418915271759033,"z":-0.048005715012550357,"w":0.9293961524963379},"size":1.3596100807189942,"orthographic":false}