{"cameraMode":{"drawMode":0,"name":"Shaded","section":"Shading Mode"},"sceneLighting":false,"audioPlay":false,"sceneViewState":{"showFog":true,"showMaterialUpdate":false,"showSkybox":false,"showFlares":true,"showImageEffects":true,"showParticleSystems":true},"in2DMode":false,"pivot":{"x":3.4816079139709474,"y":0.5238314270973206,"z":-2.969998836517334},"rotation":{"x":0.11742328852415085,"y":0.1153220683336258,"z":-0.013728700578212738,"w":0.9862713813781738},"size":10.206239700317383,"orthographic":false}